"curr_careunit","mean_icustay_per_admission","cd_and_age_avg_icustay_per_admission","simvastatin_avg_icustay_per_admission","no_simvastatin_avg_icustay_per_admission"
"CCU",3.1784408627377476,2.9601931542197937,2.364056712962963,3.0252262205387215
"TSICU",4.008459821927639,3.4445601851851855,2.157696759259259,3.6283978174603178
"All ICUs",4.772247679804629,3.602321640550806,3.928413978494624,3.540682235207768
"CSRU",3.848003270677621,3.744952107279693,2.168697916666667,4.574559576023391
"SICU",4.914439539423613,3.8284101430976425,1.9236149691358024,4.129167275828459
"NICU",10.14789148233882,NULL,NULL,NULL
"MICU",3.9687711033661257,4.019944290123458,7.089179292929293,3.492419524016205
