"gender","icu_death","min_hospital_visit_length","q1_hospital_visit_length","median_hospital_visit_length","q3_hospital_visit_length","max_hospital_visit_length","min_icu_visit_length","q1_icu_visit_length","median_icu_visit_length","q3_icu_visit_length","max_icu_visit_length"
"F",False,0.9826388888888888,6.616319444444445,8.996527777777779,14.815625,44.921527777777776,0.7391087962962963,1.7987847222222222,3.7508333333333335,6.543113425925926,30.15355324074074
"F",True,0.5638888888888889,0.7973958333333333,1.445486111111111,5.777430555555555,10.733333333333333,0.6758333333333333,0.8615422453703704,1.5477662037037037,5.901767939814815,10.808148148148149
"M",False,0.9069444444444444,4.384722222222222,6.645833333333333,10.354166666666666,35.9375,0.5949305555555555,1.4194444444444445,2.2499074074074072,4.091643518518518,35.944780092592595
"M",True,0.18819444444444444,2.737326388888889,6.4371527777777775,7.623090277777778,13.254861111111111,0.8749537037037037,2.8202199074074072,3.9945891203703705,5.644163773148148,10.40363425925926
